{
    "config_path": "/home/dnoguesk/Desktop/hep_test/input/config/basic_config.nml",
    "hep_paths": [
        "/home/dnoguesk/Desktop/hep_test/input/hep/europe/AUR.nc"
    ],
    "spawn_points": [
        {
            "x": -7.2915354028479165,
            "y": 42.54213671466378,
            "spread": 1.5721148022400533,
            "count": 1000,
            "pop": 1
        },
        {
            "x": -2.5236670449833394,
            "y": 40.490534599724995,
            "spread": 1.508417691920529,
            "count": 500,
            "pop": 2
        }
    ],
    "module_config": [
        "Move"
    ],
    "full_sim": {
        "start_year": -43000,
        "end_year": -42000,
        "output_path": "/home/dnoguesk/Desktop/hep_test/output/test.gif"
    },
    "view_mode": "3d",
    "view_colors": {
        "bg_water": [
            0,
            0,
            255,
            255
        ],
        "bg_land": [
            170,
            170,
            127,
            255
        ],
        "hep_water": [
            0,
            0,
            255,
            255
        ],
        "hep_low": [
            170,
            170,
            127,
            255
        ],
        "hep_high": [
            0,
            85,
            0,
            255
        ]
    }
}