{
    "config_path": "/home/dnoguesk/Desktop/hep_test/input/config/basic_config.nml",
    "hep_paths": [
        "/home/dnoguesk/Desktop/hep_test/input/hep/europe/AUR.nc"
    ],
    "spawn_points": [
        {
            "x": -7.175950715384532,
            "y": 42.62882412797106,
            "spread": 1.2674764723559,
            "count": 100,
            "pop": 1
        },
        {
            "x": 3.1688788125883054,
            "y": 36.069476521054085,
            "spread": 0.9777803697020268,
            "count": 100,
            "pop": 1
        },
        {
            "x": -2.0902244669956502,
            "y": 40.837284252954085,
            "spread": 2.1563901236051395,
            "count": 100,
            "pop": 2
        }
    ],
    "module_config": [
        "Natural Deaths",
        "Move",
        "Update Age",
        "Find_Mate",
        "Births"
    ]
}