{
    "config_path": "/home/dnoguesk/Desktop/hep_test/input/config/basic_config.nml",
    "hep_paths": [
        "/home/dnoguesk/Desktop/hep_test/input/hep/europe/AUR.nc"
    ],
    "spawn_points": [
        {
            "x": -6.482392269905409,
            "y": 41.47299195054072,
            "spread": 1.1033506402756823,
            "count": 100,
            "pop": 1
        },
        {
            "x": 0.25036545413786904,
            "y": 44.65153043847409,
            "spread": 1.99047243176631,
            "count": 500,
            "pop": 1
        }
    ]
}